Сайт,Тагове,Резултат
http://apple.com,"h1, h2, nav","Apple, There’s still time to work your magic., iPhone 16 Pro, iPhone 16, Apple Footer, AppleStoreMaciPadiPhoneWatch
VisionAirPodsTV & HomeEntertainmentAccessoriesSupport


0+, 



Shop and Learn

Shop and Learn




Store
Mac
iPad
iPhone
Watch
Vision
AirPods
TV & Home
AirTag
Accessories
Gift Cards




Apple Wallet

Apple Wallet




Wallet
Apple Card
Apple Pay
Apple Cash






Account

Account




Manage Your Apple Account
Apple Store Account
iCloud.com




Entertainment

Entertainment




Apple One
Apple TV+
Apple Music
Apple Arcade
Apple Fitness+
Apple News+
Apple Podcasts
Apple Books
App Store






Apple Store

Apple Store




Find a Store
Genius Bar
Today at Apple
Group Reservations
Apple Camp
Apple Store App
Certified Refurbished
Apple Trade In
Financing
Carrier Deals at Apple
Order Status
Shopping Help






For Business

For Business




Apple and Business
Shop for Business




For Education

For Education




Apple and Education
Shop for K-12
Shop for College




For Healthcare

For Healthcare




Apple in Healthcare
Mac in Healthcare
Health on Apple Watch
Health Records on iPhone and iPad




For Government

For Government




Shop for Government
Shop for Veterans and Military






Apple Values

Apple Values




Accessibility
Education
Environment
Inclusion and Diversity
Privacy
Racial Equity and Justice
Supply Chain




About Apple

About Apple




Newsroom
Apple Leadership
Career Opportunities
Investors
Ethics & Compliance
Events
Contact Apple



"
http://apple.com,"h2, nav","There’s still time to work your magic., iPhone 16 Pro, iPhone 16, Apple Footer, AppleStoreMaciPadiPhoneWatchVisionAirPodsTV & HomeEntertainmentAccessoriesSupport0+, Shop and LearnShop and LearnStoreMaciPadiPhoneWatchVisionAirPodsTV & HomeAirTagAccessoriesGift CardsApple WalletApple WalletWalletApple CardApple PayApple CashAccountAccountManage Your Apple AccountApple Store AccountiCloud.comEntertainmentEntertainmentApple OneApple TV+Apple MusicApple ArcadeApple Fitness+Apple News+Apple PodcastsApple BooksApp StoreApple StoreApple StoreFind a StoreGenius BarToday at AppleGroup ReservationsApple CampApple Store AppCertified RefurbishedApple Trade InFinancingCarrier Deals at AppleOrder StatusShopping HelpFor BusinessFor BusinessApple and BusinessShop for BusinessFor EducationFor EducationApple and EducationShop for K-12Shop for CollegeFor HealthcareFor HealthcareApple in HealthcareMac in HealthcareHealth on Apple WatchHealth Records on iPhone and iPadFor GovernmentFor GovernmentShop for GovernmentShop for Veterans and MilitaryApple ValuesApple ValuesAccessibilityEducationEnvironmentInclusion and DiversityPrivacyRacial Equity and JusticeSupply ChainAbout AppleAbout AppleNewsroomApple LeadershipCareer OpportunitiesInvestorsEthics & ComplianceEventsContact Apple"
apple.com,h2,Парсинга е забранен от robots.txt за apple.com.
http://apple.com,"h2, p","There’s still time to work your magic., iPhone 16 Pro, iPhone 16, Apple Footer, Wrap up your holiday gift list., Hello, Apple Intelligence., Hello, Apple Intelligence., Two sizes. Faster chip. Does it all., Hello, Apple Intelligence., Now with a Hearing Aid feature.1, Thinstant classic., Lean. Mean. M3 machine., Get $180–$650 in credit when you trade in iPhone 12 or higher.2, Get up to 3% Daily Cash back with every purchase., Today’s Hits, NBA 2K25 Arcade Edition, Core with Jenn, ROSÉ: The Zane Lowe Interview, Hello Kitty Island Adventure, Travel-Friendly Workouts"
http://quotes.toscrape.com,"h2, p","Top Ten tags, Login,                 Quotes by: GoodReads.com,                 Made with ❤ by Zyte"
http://quotes.toscrape.com,"nav, div","Next →, Quotes to ScrapeLogin“The world as we have created it is a process of our thinking. It cannot be changed without changing our thinking.”by Albert Einstein(about)            Tags:            changedeep-thoughtsthinkingworld“It is our choices, Harry, that show what we truly are, far more than our abilities.”by J.K. Rowling(about)            Tags:            abilitieschoices“There are only two ways to live your life. One is as though nothing is a miracle. The other is as though everything is a miracle.”by Albert Einstein(about)            Tags:            inspirationallifelivemiraclemiracles“The person, be it gentleman or lady, who has not pleasure in a good novel, must be intolerably stupid.”by Jane Austen(about)            Tags:            aliteracybooksclassichumor“Imperfection is beauty, madness is genius and it's better to be absolutely ridiculous than absolutely boring.”by Marilyn Monroe(about)            Tags:            be-yourselfinspirational“Try not to become a man of success. Rather become a man of value.”by Albert Einstein(about)            Tags:            adulthoodsuccessvalue“It is better to be hated for what you are than to be loved for what you are not.”by André Gide(about)            Tags:            lifelove“I have not failed. I've just found 10,000 ways that won't work.”by Thomas A. Edison(about)            Tags:            edisonfailureinspirationalparaphrased“A woman is like a tea bag; you never know how strong it is until it's in hot water.”by Eleanor Roosevelt(about)            Tags:            misattributed-eleanor-roosevelt“A day without sunshine is like, you know, night.”by Steve Martin(about)            Tags:            humorobvioussimileNext →Top Ten tagsloveinspirationallifehumorbooksreadingfriendshipfriendstruthsimile, Quotes to ScrapeLogin, Quotes to Scrape, Login, “The world as we have created it is a process of our thinking. It cannot be changed without changing our thinking.”by Albert Einstein(about)            Tags:            changedeep-thoughtsthinkingworld“It is our choices, Harry, that show what we truly are, far more than our abilities.”by J.K. Rowling(about)            Tags:            abilitieschoices“There are only two ways to live your life. One is as though nothing is a miracle. The other is as though everything is a miracle.”by Albert Einstein(about)            Tags:            inspirationallifelivemiraclemiracles“The person, be it gentleman or lady, who has not pleasure in a good novel, must be intolerably stupid.”by Jane Austen(about)            Tags:            aliteracybooksclassichumor“Imperfection is beauty, madness is genius and it's better to be absolutely ridiculous than absolutely boring.”by Marilyn Monroe(about)            Tags:            be-yourselfinspirational“Try not to become a man of success. Rather become a man of value.”by Albert Einstein(about)            Tags:            adulthoodsuccessvalue“It is better to be hated for what you are than to be loved for what you are not.”by André Gide(about)            Tags:            lifelove“I have not failed. I've just found 10,000 ways that won't work.”by Thomas A. Edison(about)            Tags:            edisonfailureinspirationalparaphrased“A woman is like a tea bag; you never know how strong it is until it's in hot water.”by Eleanor Roosevelt(about)            Tags:            misattributed-eleanor-roosevelt“A day without sunshine is like, you know, night.”by Steve Martin(about)            Tags:            humorobvioussimileNext →Top Ten tagsloveinspirationallifehumorbooksreadingfriendshipfriendstruthsimile, “The world as we have created it is a process of our thinking. It cannot be changed without changing our thinking.”by Albert Einstein(about)            Tags:            changedeep-thoughtsthinkingworld“It is our choices, Harry, that show what we truly are, far more than our abilities.”by J.K. Rowling(about)            Tags:            abilitieschoices“There are only two ways to live your life. One is as though nothing is a miracle. The other is as though everything is a miracle.”by Albert Einstein(about)            Tags:            inspirationallifelivemiraclemiracles“The person, be it gentleman or lady, who has not pleasure in a good novel, must be intolerably stupid.”by Jane Austen(about)            Tags:            aliteracybooksclassichumor“Imperfection is beauty, madness is genius and it's better to be absolutely ridiculous than absolutely boring.”by Marilyn Monroe(about)            Tags:            be-yourselfinspirational“Try not to become a man of success. Rather become a man of value.”by Albert Einstein(about)            Tags:            adulthoodsuccessvalue“It is better to be hated for what you are than to be loved for what you are not.”by André Gide(about)            Tags:            lifelove“I have not failed. I've just found 10,000 ways that won't work.”by Thomas A. Edison(about)            Tags:            edisonfailureinspirationalparaphrased“A woman is like a tea bag; you never know how strong it is until it's in hot water.”by Eleanor Roosevelt(about)            Tags:            misattributed-eleanor-roosevelt“A day without sunshine is like, you know, night.”by Steve Martin(about)            Tags:            humorobvioussimileNext →, “The world as we have created it is a process of our thinking. It cannot be changed without changing our thinking.”by Albert Einstein(about)            Tags:            changedeep-thoughtsthinkingworld,             Tags:            changedeep-thoughtsthinkingworld, “It is our choices, Harry, that show what we truly are, far more than our abilities.”by J.K. Rowling(about)            Tags:            abilitieschoices,             Tags:            abilitieschoices, “There are only two ways to live your life. One is as though nothing is a miracle. The other is as though everything is a miracle.”by Albert Einstein(about)            Tags:            inspirationallifelivemiraclemiracles,             Tags:            inspirationallifelivemiraclemiracles, “The person, be it gentleman or lady, who has not pleasure in a good novel, must be intolerably stupid.”by Jane Austen(about)            Tags:            aliteracybooksclassichumor,             Tags:            aliteracybooksclassichumor, “Imperfection is beauty, madness is genius and it's better to be absolutely ridiculous than absolutely boring.”by Marilyn Monroe(about)            Tags:            be-yourselfinspirational,             Tags:            be-yourselfinspirational, “Try not to become a man of success. Rather become a man of value.”by Albert Einstein(about)            Tags:            adulthoodsuccessvalue,             Tags:            adulthoodsuccessvalue, “It is better to be hated for what you are than to be loved for what you are not.”by André Gide(about)            Tags:            lifelove,             Tags:            lifelove, “I have not failed. I've just found 10,000 ways that won't work.”by Thomas A. Edison(about)            Tags:            edisonfailureinspirationalparaphrased,             Tags:            edisonfailureinspirationalparaphrased, “A woman is like a tea bag; you never know how strong it is until it's in hot water.”by Eleanor Roosevelt(about)            Tags:            misattributed-eleanor-roosevelt,             Tags:            misattributed-eleanor-roosevelt, “A day without sunshine is like, you know, night.”by Steve Martin(about)            Tags:            humorobvioussimile,             Tags:            humorobvioussimile, Top Ten tagsloveinspirationallifehumorbooksreadingfriendshipfriendstruthsimile,                 Quotes by: GoodReads.com                Made with ❤ by Zyte"
